{
  "allowed_use": "prediction_input_before_sealing",
  "answer_key_source": false,
  "composition": {
    "counts": {
      "A": 4,
      "D": 5,
      "G": 53,
      "M": 2,
      "N": 7,
      "P": 11,
      "Q": 43,
      "R": 1,
      "S": 51,
      "T": 10,
      "Y": 27
    },
    "fractions": {
      "A": 0.018691588785046728,
      "D": 0.02336448598130841,
      "G": 0.24766355140186916,
      "M": 0.009345794392523364,
      "N": 0.03271028037383177,
      "P": 0.0514018691588785,
      "Q": 0.20093457943925233,
      "R": 0.004672897196261682,
      "S": 0.2383177570093458,
      "T": 0.04672897196261682,
      "Y": 0.1261682242990654
    },
    "length": 214,
    "qgsy_count": 174,
    "qgsy_fraction": 0.8130841121495327,
    "serine_positions": [
      3,
      13,
      26,
      29,
      30,
      37,
      39,
      42,
      44,
      48,
      53,
      54,
      56,
      57,
      61,
      70,
      77,
      83,
      84,
      86,
      87,
      89,
      90,
      95,
      96,
      107,
      108,
      110,
      112,
      115,
      116,
      117,
      119,
      120,
      121,
      127,
      129,
      131,
      135,
      142,
      148,
      163,
      164,
      165,
      182,
      183,
      185,
      186,
      190,
      200,
      205
    ],
    "tyrosine_positions": [
      6,
      14,
      17,
      25,
      33,
      38,
      41,
      50,
      55,
      58,
      66,
      75,
      81,
      91,
      97,
      100,
      113,
      122,
      130,
      136,
      143,
      149,
      155,
      161,
      177,
      194,
      208
    ]
  },
  "coordinate_derived": false,
  "derived_from_source_ids": [
    "UNIPROT_P35637_SEQUENCE_FEATURES_NONCOORDINATE"
  ],
  "holdout_source": false,
  "internal_runtime_source": false,
  "native_metrics_used_for_selection": false,
  "sequence_windows": [
    {
      "glutamine_count": 16,
      "glycine_count": 11,
      "length": 75,
      "qgsy_fraction": 0.7333333333333333,
      "sequence_pattern_note": "sequence-derived sticker/spacer and low-complexity window",
      "serine_count": 16,
      "span": "1-75",
      "tyrosine_count": 12
    },
    {
      "glutamine_count": 6,
      "glycine_count": 8,
      "length": 37,
      "qgsy_fraction": 0.8378378378378378,
      "sequence_pattern_note": "sequence-derived sticker/spacer and low-complexity window",
      "serine_count": 13,
      "span": "76-112",
      "tyrosine_count": 4
    },
    {
      "glutamine_count": 15,
      "glycine_count": 8,
      "length": 52,
      "qgsy_fraction": 0.8653846153846154,
      "sequence_pattern_note": "sequence-derived sticker/spacer and low-complexity window",
      "serine_count": 14,
      "span": "113-164",
      "tyrosine_count": 8
    },
    {
      "glutamine_count": 6,
      "glycine_count": 26,
      "length": 50,
      "qgsy_fraction": 0.86,
      "sequence_pattern_note": "sequence-derived sticker/spacer and low-complexity window",
      "serine_count": 8,
      "span": "165-214",
      "tyrosine_count": 3
    },
    {
      "glutamine_count": 10,
      "glycine_count": 12,
      "length": 57,
      "qgsy_fraction": 0.8421052631578947,
      "sequence_pattern_note": "sequence-derived sticker/spacer and low-complexity window",
      "serine_count": 18,
      "span": "39-95",
      "tyrosine_count": 8
    },
    {
      "glutamine_count": 11,
      "glycine_count": 7,
      "length": 41,
      "qgsy_fraction": 0.926829268292683,
      "sequence_pattern_note": "sequence-derived sticker/spacer and low-complexity window",
      "serine_count": 14,
      "span": "110-150",
      "tyrosine_count": 6
    }
  ],
  "source_id": "FUS_LC_SEQUENCE_PATTERN_FEATURES_DERIVED_FROM_ALLOWED_INPUTS",
  "source_type": "derived sequence-composition and sticker-spacer features",
  "source_url_or_citation": "derived from UniProt P35637 residues 1-214 sequence"
}